<?xml version="1.0" encoding="UTF-8"?>
<project-private xmlns="http://www.netbeans.org/ns/project-private/1">
    <editor-bookmarks xmlns="http://www.netbeans.org/ns/editor-bookmarks/2" lastBookmarkId="0"/>
    <open-files xmlns="http://www.netbeans.org/ns/projectui-open-files/2">
        <group>
            <file>file:/C:/Users/Moutai%20Zakaria/Documents/JAVA/Gestion_Ecole/src/Controleur/ajouter_prof.java</file>
            <file>file:/C:/Users/Moutai%20Zakaria/Documents/JAVA/Gestion_Ecole/src/Vue/RechercheI.java</file>
            <file>file:/C:/Users/Moutai%20Zakaria/Documents/JAVA/Gestion_Ecole/src/Vue/MenuEleve.java</file>
            <file>file:/C:/Users/Moutai%20Zakaria/Documents/JAVA/Gestion_Ecole/src/Controleur/modifier_eleve.java</file>
            <file>file:/C:/Users/Moutai%20Zakaria/Documents/JAVA/Gestion_Ecole/src/Controleur/supprimer_classe.java</file>
            <file>file:/C:/Users/Moutai%20Zakaria/Documents/JAVA/Gestion_Ecole/src/Controleur/modifier_bulletin.java</file>
            <file>file:/C:/Users/Moutai%20Zakaria/Documents/JAVA/Gestion_Ecole/src/Vue/MenuProf.java</file>
            <file>file:/C:/Users/Moutai%20Zakaria/Documents/JAVA/Gestion_Ecole/src/Controleur/supprimer_prof.java</file>
            <file>file:/C:/Users/Moutai%20Zakaria/Documents/JAVA/Gestion_Ecole/src/Modèle/Bulletin.java</file>
            <file>file:/C:/Users/Moutai%20Zakaria/Documents/JAVA/Gestion_Ecole/src/Vue/Bulletin.java</file>
            <file>file:/C:/Users/Moutai%20Zakaria/Documents/JAVA/Gestion_Ecole/src/Controleur/modifier_classe.java</file>
            <file>file:/C:/Users/Moutai%20Zakaria/Documents/JAVA/Gestion_Ecole/src/Controleur/modifier_prof.java</file>
            <file>file:/C:/Users/Moutai%20Zakaria/Documents/JAVA/Gestion_Ecole/src/Controleur/ajouter_classe.java</file>
            <file>file:/C:/Users/Moutai%20Zakaria/Documents/JAVA/Gestion_Ecole/src/Vue/ConnexionEleveI.java</file>
            <file>file:/C:/Users/Moutai%20Zakaria/Documents/JAVA/Gestion_Ecole/src/Controleur/supprimer_eleve.java</file>
            <file>file:/C:/Users/Moutai%20Zakaria/Documents/JAVA/Gestion_Ecole/src/Vue/ListeProf.java</file>
            <file>file:/C:/Users/Moutai%20Zakaria/Documents/JAVA/Gestion_Ecole/src/Controleur/supprimer_bulletin.java</file>
            <file>file:/C:/Users/Moutai%20Zakaria/Documents/JAVA/Gestion_Ecole/src/Controleur/ajouter_discipline.java</file>
            <file>file:/C:/Users/Moutai%20Zakaria/Documents/JAVA/Gestion_Ecole/src/Vue/ListeClasse.java</file>
            <file>file:/C:/Users/Moutai%20Zakaria/Documents/JAVA/Gestion_Ecole/src/Controleur/ajouter_eleve.java</file>
            <file>file:/C:/Users/Moutai%20Zakaria/Documents/JAVA/Gestion_Ecole/src/Controleur/Main.java</file>
            <file>file:/C:/Users/Moutai%20Zakaria/Documents/JAVA/Gestion_Ecole/src/Controleur/RequeteRechercheEleve.java</file>
            <file>file:/C:/Users/Moutai%20Zakaria/Documents/JAVA/Gestion_Ecole/src/Vue/ListeDiscipline.java</file>
            <file>file:/C:/Users/Moutai%20Zakaria/Documents/JAVA/Gestion_Ecole/src/Modèle/Classe.java</file>
            <file>file:/C:/Users/Moutai%20Zakaria/Documents/JAVA/Gestion_Ecole/src/Controleur/supprimer_discipline.java</file>
            <file>file:/C:/Users/Moutai%20Zakaria/Documents/JAVA/Gestion_Ecole/src/Controleur/Connexion.java</file>
            <file>file:/C:/Users/Moutai%20Zakaria/Documents/JAVA/Gestion_Ecole/src/Controleur/ConnexionContinue.java</file>
            <file>file:/C:/Users/Moutai%20Zakaria/Documents/JAVA/Gestion_Ecole/src/Controleur/ajouter_bulletin.java</file>
            <file>file:/C:/Users/Moutai%20Zakaria/Documents/JAVA/Gestion_Ecole/src/Vue/MAJ.java</file>
            <file>file:/C:/Users/Moutai%20Zakaria/Documents/JAVA/Gestion_Ecole/src/Controleur/modifier_discipline.java</file>
            <file>file:/C:/Users/Moutai%20Zakaria/Documents/JAVA/Gestion_Ecole/src/Vue/ListeEleve.java</file>
        </group>
    </open-files>
</project-private>
