<?xml version="1.0" encoding="UTF-8"?>
<project-private xmlns="http://www.netbeans.org/ns/project-private/1">
    <editor-bookmarks xmlns="http://www.netbeans.org/ns/editor-bookmarks/2" lastBookmarkId="0"/>
    <open-files xmlns="http://www.netbeans.org/ns/projectui-open-files/2">
        <group>
            <file>file:/C:/Users/rahli/Documents/NetBeansProjects/Gestion_Ecole/src/Vue/AccueilI.java</file>
            <file>file:/C:/Users/rahli/Documents/NetBeansProjects/Gestion_Ecole/src/Vue/ConnexionEleveI.java</file>
            <file>file:/C:/Users/rahli/Documents/NetBeansProjects/Gestion_Ecole/src/Controleur/ConnexionContinue.java</file>
            <file>file:/C:/Users/rahli/Documents/NetBeansProjects/Gestion_Ecole/src/Vue/ListeEleve.java</file>
            <file>file:/C:/Users/rahli/Documents/NetBeansProjects/Gestion_Ecole/src/Vue/TEST.java</file>
            <file>file:/C:/Users/rahli/Documents/NetBeansProjects/Gestion_Ecole/src/Vue/MenuProf.java</file>
            <file>file:/C:/Users/rahli/Documents/NetBeansProjects/Gestion_Ecole/src/Controleur/Main.java</file>
            <file>file:/C:/Users/rahli/Documents/NetBeansProjects/Gestion_Ecole/src/Controleur/RequeteRechercheEleve.java</file>
            <file>file:/C:/Users/rahli/Documents/NetBeansProjects/Gestion_Ecole/src/Vue/Co.java</file>
            <file>file:/C:/Users/rahli/Documents/NetBeansProjects/Gestion_Ecole/src/Controleur/Connexion.java</file>
            <file>file:/C:/Users/rahli/Documents/NetBeansProjects/Gestion_Ecole/src/Controleur/CoEleve.java</file>
            <file>file:/C:/Users/rahli/Documents/NetBeansProjects/Gestion_Ecole/src/Vue/Bulletin.java</file>
            <file>file:/C:/Users/rahli/Documents/NetBeansProjects/Gestion_Ecole/src/Vue/ListeProf.java</file>
            <file>file:/C:/Users/rahli/Documents/NetBeansProjects/Gestion_Ecole/src/Vue/RechercheI.java</file>
            <file>file:/C:/Users/rahli/Documents/NetBeansProjects/Gestion_Ecole/src/Vue/RechercheIm.java</file>
            <file>file:/C:/Users/rahli/Documents/NetBeansProjects/Gestion_Ecole/src/Vue/MenuEleve.java</file>
        </group>
    </open-files>
</project-private>
